0000_a.png,a,97,0
0001_b.png,b,98,1
0002_n.png,n,110,13
0003_o.png,o,111,14
0004_e.png,e,101,4
0005_l.png,l,108,11
0006_m.png,m,109,12
0007_y.png,y,121,24
0008_a.png,a,97,0
0009_l.png,l,108,11
0010_a.png,a,97,0
0011_r.png,r,114,17
0012_r.png,r,114,17
0013_m.png,m,109,12
0014_e.png,e,101,4
0015_s.png,s,115,18
0016_i.png,i,105,8
0017_n.png,n,110,13
0018_c.png,c,99,2
0019_s.png,s,115,18
0020_i.png,i,105,8
0021_n.png,n,110,13
0022_c.png,c,99,2
0023_e.png,e,101,4
0024_l.png,l,108,11
0025_h.png,h,104,7
0026_a.png,a,97,0
0027_v.png,v,118,21
0028_e.png,e,101,4
0029_i.png,i,105,8
0030_b.png,b,98,1
0031_c.png,c,99,2
0032_e.png,e,101,4
0033_n.png,n,110,13
0034_o.png,o,111,14
0035_s.png,s,115,18
0036_e.png,e,101,4
0037_y.png,y,121,24
0038_o.png,o,111,14
0039_u.png,u,117,20
0040_t.png,t,116,19
0041_r.png,r,114,17
0042_t.png,t,116,19
0043_r.png,r,114,17
0044_s.png,s,115,18
0045_v.png,v,118,21
0046_v.png,v,118,21
0047_c.png,c,99,2
0048_o.png,o,111,14
0049_a.png,a,97,0
0050_a.png,a,97,0
0051_a.png,a,97,0
0052_m.png,m,109,12
0053_w.png,w,119,22
0054_e.png,e,101,4
0055_a.png,a,97,0
0056_r.png,r,114,17
0057_e.png,e,101,4
0058_l.png,l,108,11
0059_i.png,i,105,8
0060_r.png,r,114,17
0061_r.png,r,114,17
0062_n.png,n,110,13
0063_g.png,g,103,6
0064_i.png,i,105,8
0065_n.png,n,110,13
0066_a.png,a,97,0
0067_b.png,b,98,1
0068_r.png,r,114,17
0069_g.png,g,103,6
0070_h.png,h,104,7
0071_o.png,o,111,14
0072_u.png,u,117,20
0073_s.png,s,115,18
0074_e.png,e,101,4
0075_c.png,c,99,2
0076_s.png,s,115,18
0077_e.png,e,101,4
0078_f.png,f,102,5
0079_e.png,e,101,4
0080_m.png,m,109,12
0081_a.png,a,97,0
0082_i.png,i,105,8
0083_n.png,n,110,13
0084_s.png,s,115,18
0085_l.png,l,108,11
0086_e.png,e,101,4
0087_a.png,a,97,0
0088_b.png,b,98,1
0089_o.png,o,111,14
0090_n.png,n,110,13
0091_t.png,t,116,19
0092_i.png,i,105,8
0093_a.png,a,97,0
0094_l.png,l,108,11
0095_t.png,t,116,19
0096_y.png,y,121,24
0097_e.png,e,101,4
0098_h.png,h,104,7
0099_c.png,c,99,2
0100_i.png,i,105,8
0101_h.png,h,104,7
0102_b.png,b,98,1
0103_s.png,s,115,18
0104_c.png,c,99,2
0105_a.png,a,97,0
0106_g.png,g,103,6
0107_e.png,e,101,4
0108_y.png,y,121,24
0109_d.png,d,100,3
0110_i.png,i,105,8
0111_a.png,a,97,0
0112_r.png,r,114,17
0113_n.png,n,110,13
0114_v.png,v,118,21
0115_e.png,e,101,4
0116_l.png,l,108,11
0117_y.png,y,121,24
0118_a.png,a,97,0
0119_n.png,n,110,13
0120_k.png,k,107,10
0121_y.png,y,121,24
0122_o.png,o,111,14
0123_u.png,u,117,20
0124_f.png,f,102,5
0125_o.png,o,111,14
0126_r.png,r,114,17
0127_y.png,y,121,24
0128_o.png,o,111,14
0129_u.png,u,117,20
0130_r.png,r,114,17
0131_i.png,i,105,8
0132_r.png,r,114,17
0133_y.png,y,121,24
0134_r.png,r,114,17
0135_n.png,n,110,13
0136_l.png,l,108,11
0137_e.png,e,101,4
0138_r.png,r,114,17
0139_e.png,e,101,4
0140_s.png,s,115,18
0141_l.png,l,108,11
0142_i.png,i,105,8
0143_u.png,u,117,20
0144_g.png,g,103,6
0145_e.png,e,101,4
0146_l.png,l,108,11
0147_e.png,e,101,4
0148_r.png,r,114,17
0149_w.png,w,119,22
0150_h.png,h,104,7
0151_i.png,i,105,8
0152_c.png,c,99,2
0153_k.png,k,107,10
0154_y.png,y,121,24
0155_o.png,o,111,14
0156_u.png,u,117,20
0157_s.png,s,115,18
0158_e.png,e,101,4
0159_n.png,n,110,13
0160_t.png,t,116,19
0161_m.png,m,109,12
0162_m.png,m,109,12
0163_e.png,e,101,4
0164_a.png,a,97,0
0165_o.png,o,111,14
0166_n.png,n,110,13
0167_g.png,g,103,6
0168_i.png,i,105,8
0169_r.png,r,114,17
0170_m.png,m,109,12
0171_e.png,e,101,4
0172_a.png,a,97,0
0173_g.png,g,103,6
0174_o.png,o,111,14
0175_a.png,a,97,0
0176_g.png,g,103,6
0177_o.png,o,111,14
0178_h.png,h,104,7
0179_a.png,a,97,0
0180_v.png,v,118,21
0181_e.png,e,101,4
0182_c.png,c,99,2
0183_o.png,o,111,14
0184_m.png,m,109,12
0185_e.png,e,101,4
0186_v.png,v,118,21
0187_e.png,e,101,4
0188_r.png,r,114,17
0189_y.png,y,121,24
0190_l.png,l,108,11
0191_o.png,o,111,14
0192_n.png,n,110,13
0193_a.png,a,97,0
0194_i.png,i,105,8
0195_n.png,n,110,13
0196_j.png,j,106,9
0197_u.png,u,117,20
0198_p.png,p,112,15
0199_t.png,t,116,19
0200_o.png,o,111,14
0201_p.png,p,112,15
0202_l.png,l,108,11
0203_a.png,a,97,0
0204_c.png,c,99,2
0205_e.png,e,101,4
0206_i.png,i,105,8
0207_n.png,n,110,13
0208_o.png,o,111,14
0209_r.png,r,114,17
0210_n.png,n,110,13
0211_w.png,w,119,22
0212_a.png,a,97,0
0213_w.png,w,119,22
0214_h.png,h,104,7
0215_e.png,e,101,4
0216_r.png,r,114,17
0217_e.png,e,101,4
0218_i.png,i,105,8
0219_t.png,t,116,19
0220_i.png,i,105,8
0221_s.png,s,115,18
0222_v.png,v,118,21
0223_e.png,e,101,4
0224_r.png,r,114,17
0225_y.png,y,121,24
0226_h.png,h,104,7
0227_o.png,o,111,14
0228_t.png,t,116,19
0229_a.png,a,97,0
0230_n.png,n,110,13
0231_d.png,d,100,3
0232_t.png,t,116,19
0233_k.png,k,107,10
0234_e.png,e,101,4
0235_r.png,r,114,17
0236_e.png,e,101,4
0237_a.png,a,97,0
0238_r.png,r,114,17
0239_e.png,e,101,4
0240_p.png,p,112,15
0241_a.png,a,97,0
0242_b.png,b,98,1
0243_m.png,m,109,12
0244_b.png,b,98,1
0245_r.png,r,114,17
0246_e.png,e,101,4
0247_e.png,e,101,4
0248_s.png,s,115,18
0249_i.png,i,105,8
0250_n.png,n,110,13
0251_l.png,l,108,11
0252_h.png,h,104,7
0253_e.png,e,101,4
0254_g.png,g,103,6
0255_a.png,a,97,0
0256_r.png,r,114,17
0257_d.png,d,100,3
0258_e.png,e,101,4
0259_n.png,n,110,13
0260_s.png,s,115,18
0261_c.png,c,99,2
0262_a.png,a,97,0
0263_m.png,m,109,12
0264_e.png,e,101,4
0265_r.png,r,114,17
0266_h.png,h,104,7
0267_v.png,v,118,21
0268_d.png,d,100,3
0269_e.png,e,101,4
0270_n.png,n,110,13
0271_d.png,d,100,3
0272_r.png,r,114,17
0273_o.png,o,111,14
0274_n.png,n,110,13
0275_s.png,s,115,18
0276_i.png,i,105,8
0277_n.png,n,110,13
0278_f.png,f,102,5
0279_l.png,l,108,11
0280_o.png,o,111,14
0281_w.png,w,119,22
0282_e.png,e,101,4
0283_r.png,r,114,17
0284_w.png,w,119,22
0285_h.png,h,104,7
0286_i.png,i,105,8
0287_c.png,c,99,2
0288_h.png,h,104,7
0289_a.png,a,97,0
0290_r.png,r,114,17
0291_e.png,e,101,4
0292_y.png,y,121,24
0293_p.png,p,112,15
0294_r.png,r,114,17
0295_e.png,e,101,4
0296_y.png,y,121,24
0297_y.png,y,121,24
0298_e.png,e,101,4
0299_a.png,a,97,0
0300_r.png,r,114,17
0301_n.png,n,110,13
0302_o.png,o,111,14
0303_e.png,e,101,4
0304_l.png,l,108,11
0305_i.png,i,105,8
0306_a.png,a,97,0
0307_m.png,m,109,12
0308_s.png,s,115,18
0309_o.png,o,111,14
0310_s.png,s,115,18
0311_o.png,o,111,14
0312_r.png,r,114,17
0313_r.png,r,114,17
0314_y.png,y,121,24
0315_o.png,o,111,14
0316_h.png,h,104,7
0317_e.png,e,101,4
0318_a.png,a,97,0
0319_r.png,r,114,17
0320_r.png,r,114,17
0321_o.png,o,111,14
0322_y.png,y,121,24
0323_s.png,s,115,18
0324_u.png,u,117,20
0325_r.png,r,114,17
0326_a.png,a,97,0
0327_u.png,u,117,20
0328_n.png,n,110,13
0329_t.png,t,116,19
0330_r.png,r,114,17
0331_o.png,o,111,14
0332_s.png,s,115,18
0333_i.png,i,105,8
0334_c.png,c,99,2
0335_a.png,a,97,0
0336_t.png,t,116,19
0337_y.png,y,121,24
0338_o.png,o,111,14
0339_u.png,u,117,20
0340_a.png,a,97,0
0341_r.png,r,114,17
0342_e.png,e,101,4
0343_i.png,i,105,8
0344_y.png,y,121,24
0345_o.png,o,111,14
0346_u.png,u,117,20
0347_m.png,m,109,12
0348_u.png,u,117,20
0349_s.png,s,115,18
0350_t.png,t,116,19
0351_b.png,b,98,1
0352_e.png,e,101,4
0353_m.png,m,109,12
0354_o.png,o,111,14
0355_n.png,n,110,13
0356_s.png,s,115,18
0357_e.png,e,101,4
0358_u.png,u,117,20
0359_n.png,n,110,13
0360_d.png,d,100,3
0361_i.png,i,105,8
0362_s.png,s,115,18
0363_i.png,i,105,8
0364_s.png,s,115,18
0365_e.png,e,101,4
0366_d.png,d,100,3
0367_o.png,o,111,14
0368_r.png,r,114,17
0369_o.png,o,111,14
0370_r.png,r,114,17
0371_m.png,m,109,12
0372_r.png,r,114,17
0373_m.png,m,109,12
0374_o.png,o,111,14
0375_l.png,l,108,11
0376_e.png,e,101,4
0377_a.png,a,97,0
0378_n.png,n,110,13
0379_d.png,d,100,3
0380_n.png,n,110,13
0381_u.png,u,117,20
0382_r.png,r,114,17
0383_s.png,s,115,18
0384_e.png,e,101,4
0385_m.png,m,109,12
0386_o.png,o,111,14
0387_u.png,u,117,20
0388_s.png,s,115,18
0389_e.png,e,101,4
0390_w.png,w,119,22
0391_r.png,r,114,17
0392_a.png,a,97,0
0393_e.png,e,101,4
0394_a.png,a,97,0
0395_c.png,c,99,2
0396_u.png,u,117,20
0397_i.png,i,105,8
0398_h.png,h,104,7
0399_o.png,o,111,14
0400_p.png,p,112,15
0401_e.png,e,101,4
0402_c.png,c,99,2
0403_i.png,i,105,8
0404_e.png,e,101,4
0405_m.png,m,109,12
0406_o.png,o,111,14
0407_u.png,u,117,20
0408_s.png,s,115,18
0409_e.png,e,101,4
0410_w.png,w,119,22
0411_r.png,r,114,17
0412_s.png,s,115,18
0413_o.png,o,111,14
0414_o.png,o,111,14
0415_n.png,n,110,13
0416_b.png,b,98,1
0417_e.png,e,101,4
0418_a.png,a,97,0
0419_b.png,b,98,1
0420_l.png,l,108,11
0421_e.png,e,101,4
0422_o.png,o,111,14
0423_s.png,s,115,18
0424_i.png,i,105,8
0425_t.png,t,116,19
0426_u.png,u,117,20
0427_p.png,p,112,15
0428_n.png,n,110,13
0429_c.png,c,99,2
0430_h.png,h,104,7
0431_a.png,a,97,0
0432_i.png,i,105,8
0433_r.png,r,114,17
0434_b.png,b,98,1
0435_y.png,y,121,24
0436_t.png,t,116,19
0437_h.png,h,104,7
0438_e.png,e,101,4
0439_f.png,f,102,5
0440_r.png,r,114,17
0441_r.png,r,114,17
0442_e.png,e,101,4
0443_i.png,i,105,8
0444_w.png,w,119,22
0445_e.png,e,101,4
0446_n.png,n,110,13
0447_t.png,t,116,19
0448_o.png,o,111,14
0449_h.png,h,104,7
0450_e.png,e,101,4
0451_z.png,z,122,25
0452_o.png,o,111,14
0453_o.png,o,111,14
0454_o.png,o,111,14
0455_n.png,n,110,13
0456_w.png,w,119,22
0457_e.png,e,101,4
0458_d.png,d,100,3
0459_n.png,n,110,13
0460_e.png,e,101,4
0461_s.png,s,115,18
0462_d.png,d,100,3
0463_a.png,a,97,0
0464_y.png,y,121,24
0465_s.png,s,115,18
0466_a.png,a,97,0
0467_w.png,w,119,22
0468_t.png,t,116,19
0469_h.png,h,104,7
0470_e.png,e,101,4
0471_n.png,n,110,13
0472_e.png,e,101,4
0473_w.png,w,119,22
0474_g.png,g,103,6
0475_i.png,i,105,8
0476_r.png,r,114,17
0477_a.png,a,97,0
0478_e.png,e,101,4
0479_t.png,t,116,19
0480_i.png,i,105,8
0481_s.png,s,115,18
0482_k.png,k,107,10
0483_y.png,y,121,24
0484_o.png,o,111,14
0485_n.png,n,110,13
0486_n.png,n,110,13
0487_g.png,g,103,6
0488_o.png,o,111,14
0489_n.png,n,110,13
0490_e.png,e,101,4
0491_v.png,v,118,21
0492_e.png,e,101,4
0493_r.png,r,114,17
0494_y.png,y,121,24
0495_p.png,p,112,15
0496_r.png,r,114,17
0497_e.png,e,101,4
0498_y.png,y,121,24
0499_a.png,a,97,0
0500_n.png,n,110,13
0501_d.png,d,100,3
0502_e.png,e,101,4
0503_k.png,k,107,10
0504_e.png,e,101,4
0505_c.png,c,99,2
0506_e.png,e,101,4
0507_r.png,r,114,17
0508_s.png,s,115,18
0509_a.png,a,97,0
0510_y.png,y,121,24
0511_s.png,s,115,18
0512_i.png,i,105,8
0513_t.png,t,116,19
0514_w.png,w,119,22
0515_r.png,r,114,17
0516_l.png,l,108,11
0517_g.png,g,103,6
0518_r.png,r,114,17
0519_o.png,o,111,14
0520_w.png,w,119,22
0521_a.png,a,97,0
0522_g.png,g,103,6
0523_o.png,o,111,14
0524_o.png,o,111,14
0525_d.png,d,100,3
0526_l.png,l,108,11
0527_a.png,a,97,0
0528_l.png,l,108,11
0529_t.png,t,116,19
0530_a.png,a,97,0
0531_l.png,l,108,11
0532_e.png,e,101,4
0533_r.png,r,114,17
0534_i.png,i,105,8
0535_s.png,s,115,18
0536_a.png,a,97,0
0537_w.png,w,119,22
0538_e.png,e,101,4
0539_o.png,o,111,14
0540_x.png,x,120,23
0541_t.png,t,116,19
0542_a.png,a,97,0
0543_i.png,i,105,8
0544_a.png,a,97,0
0545_m.png,m,109,12
0546_e.png,e,101,4
0547_r.png,r,114,17
0548_n.png,n,110,13
0549_h.png,h,104,7
0550_e.png,e,101,4
0551_k.png,k,107,10
0552_e.png,e,101,4
0553_e.png,e,101,4
0554_e.png,e,101,4
0555_r.png,r,114,17
0556_s.png,s,115,18
0557_a.png,a,97,0
0558_y.png,y,121,24
0559_s.png,s,115,18
0560_i.png,i,105,8
0561_t.png,t,116,19
0562_h.png,h,104,7
0563_a.png,a,97,0
0564_d.png,d,100,3
0565_q.png,q,113,16
0566_u.png,u,117,20
0567_i.png,i,105,8
0568_e.png,e,101,4
0569_s.png,s,115,18
0570_n.png,n,110,13
0571_e.png,e,101,4
0572_c.png,c,99,2
0573_k.png,k,107,10
0574_e.png,e,101,4
0575_c.png,c,99,2
0576_a.png,a,97,0
0577_u.png,u,117,20
0578_s.png,s,115,18
0579_e.png,e,101,4
0580_h.png,h,104,7
0581_e.png,e,101,4
0582_b.png,b,98,1
0583_o.png,o,111,14
0584_x.png,x,120,23
0585_w.png,w,119,22
0586_h.png,h,104,7
0587_s.png,s,115,18
0588_n.png,n,110,13
0589_o.png,o,111,14
0590_t.png,t,116,19
0591_a.png,a,97,0
0592_r.png,r,114,17
0593_e.png,e,101,4
0594_e.png,e,101,4
0595_n.png,n,110,13
0596_o.png,o,111,14
0597_u.png,u,117,20
0598_h.png,h,104,7
0599_e.png,e,101,4
0600_y.png,y,121,24
0601_b.png,b,98,1
0602_r.png,r,114,17
0603_o.png,o,111,14
0604_u.png,u,117,20
0605_g.png,g,103,6
0606_h.png,h,104,7
0607_t.png,t,116,19
0608_t.png,t,116,19
0609_y.png,y,121,24
0610_f.png,f,102,5
0611_r.png,r,114,17
0612_o.png,o,111,14
0613_m.png,m,109,12
0614_s.png,s,115,18
0615_o.png,o,111,14
0616_n.png,n,110,13
0617_h.png,h,104,7
0618_a.png,a,97,0
0619_m.png,m,109,12
0620_p.png,p,112,15
0621_o.png,o,111,14
0622_n.png,n,110,13
0623_a.png,a,97,0
0624_n.png,n,110,13
0625_d.png,d,100,3
0626_k.png,k,107,10
0627_e.png,e,101,4
0628_y.png,y,121,24
0629_c.png,c,99,2
0630_o.png,o,111,14
0631_u.png,u,117,20
0632_n.png,n,110,13
0633_o.png,o,111,14
0634_h.png,h,104,7
0635_a.png,a,97,0
0636_r.png,r,114,17
0637_e.png,e,101,4
0638_a.png,a,97,0
0639_a.png,a,97,0
0640_r.png,r,114,17
0641_i.png,i,105,8
0642_r.png,r,114,17
0643_b.png,b,98,1
0644_o.png,o,111,14
0645_x.png,x,120,23
0646_b.png,b,98,1
0647_e.png,e,101,4
0648_c.png,c,99,2
0649_a.png,a,97,0
0650_u.png,u,117,20
0651_s.png,s,115,18
0652_e.png,e,101,4
0653_o.png,o,111,14
0654_g.png,g,103,6
0655_e.png,e,101,4
0656_i.png,i,105,8
0657_n.png,n,110,13
0658_g.png,g,103,6
0659_r.png,r,114,17
0660_o.png,o,111,14
0661_u.png,u,117,20
0662_h.png,h,104,7
0663_h.png,h,104,7
0664_e.png,e,101,4
0665_u.png,u,117,20
0666_n.png,n,110,13
0667_n.png,n,110,13
0668_e.png,e,101,4
0669_s.png,s,115,18
0670_i.png,i,105,8
0671_a.png,a,97,0
0672_s.png,s,115,18
0673_o.png,o,111,14
0674_s.png,s,115,18
0675_a.png,a,97,0
0676_w.png,w,119,22
0677_a.png,a,97,0
0678_n.png,n,110,13
0679_e.png,e,101,4
0680_w.png,w,119,22
0681_m.png,m,109,12
0682_o.png,o,111,14
0683_n.png,n,110,13
0684_k.png,k,107,10
0685_y.png,y,121,24
0686_i.png,i,105,8
0687_a.png,a,97,0
0688_e.png,e,101,4
0689_d.png,d,100,3
0690_e.png,e,101,4
0691_n.png,n,110,13
0692_n.png,n,110,13
0693_y.png,y,121,24
0694_i.png,i,105,8
0695_h.png,h,104,7
0696_a.png,a,97,0
0697_d.png,d,100,3
0698_d.png,d,100,3
0699_e.png,e,101,4
0700_y.png,y,121,24
0701_h.png,h,104,7
0702_a.png,a,97,0
0703_r.png,r,114,17
0704_h.png,h,104,7
0705_o.png,o,111,14
0706_e.png,e,101,4
0707_d.png,d,100,3
0708_b.png,b,98,1
0709_e.png,e,101,4
0710_m.png,m,109,12
0711_i.png,i,105,8
0712_h.png,h,104,7
0713_p.png,p,112,15
0714_l.png,l,108,11
0715_c.png,c,99,2
0716_u.png,u,117,20
0717_r.png,r,114,17
0718_l.png,l,108,11
0719_e.png,e,101,4
0720_e.png,e,101,4
0721_r.png,r,114,17
0722_u.png,u,117,20
0723_c.png,c,99,2
0724_e.png,e,101,4
0725_t.png,t,116,19
0726_u.png,u,117,20
0727_r.png,r,114,17
0728_n.png,n,110,13
0729_i.png,i,105,8
0730_i.png,i,105,8
0731_r.png,r,114,17
0732_e.png,e,101,4
0733_b.png,b,98,1
0734_i.png,i,105,8
0735_g.png,g,103,6
0736_w.png,w,119,22
0737_r.png,r,114,17
0738_n.png,n,110,13
0739_o.png,o,111,14
0740_f.png,f,102,5
0741_k.png,k,107,10
0742_l.png,l,108,11
0743_g.png,g,103,6
0744_e.png,e,101,4
0745_t.png,t,116,19
0746_h.png,h,104,7
0747_e.png,e,101,4
0748_e.png,e,101,4
0749_r.png,r,114,17
0750_a.png,a,97,0
0751_n.png,n,110,13
0752_a.png,a,97,0
0753_b.png,b,98,1
0754_c.png,c,99,2
0755_d.png,d,100,3
0756_e.png,e,101,4
0757_f.png,f,102,5
0758_g.png,g,103,6
0759_h.png,h,104,7
0760_i.png,i,105,8
0761_j.png,j,106,9
0762_k.png,k,107,10
0763_l.png,l,108,11
0764_m.png,m,109,12
0765_n.png,n,110,13
0766_o.png,o,111,14
0767_p.png,p,112,15
0768_q.png,q,113,16
0769_r.png,r,114,17
0770_s.png,s,115,18
0771_t.png,t,116,19
0772_u.png,u,117,20
0773_v.png,v,118,21
0774_w.png,w,119,22
0775_x.png,x,120,23
0776_y.png,y,121,24
0777_z.png,z,122,25
0778_y.png,y,121,24
0779_d.png,d,100,3
0780_e.png,e,101,4
0781_a.png,a,97,0
0782_r.png,r,114,17
0783_w.png,w,119,22
0784_h.png,h,104,7
0785_l.png,l,108,11
0786_e.png,e,101,4
0787_i.png,i,105,8
0788_u.png,u,117,20
0789_a.png,a,97,0
0790_s.png,s,115,18
0791_n.png,n,110,13
0792_a.png,a,97,0
0793_r.png,r,114,17
0794_n.png,n,110,13
0795_s.png,s,115,18
0796_l.png,l,108,11
0797_i.png,i,105,8
0798_a.png,a,97,0
0799_n.png,n,110,13
0800_d.png,d,100,3
0801_y.png,y,121,24
0802_o.png,o,111,14
0803_u.png,u,117,20
0804_i.png,i,105,8
0805_c.png,c,99,2
0806_h.png,h,104,7
0807_a.png,a,97,0
0808_r.png,r,114,17
0809_m.png,m,109,12
0810_i.png,i,105,8
0811_o.png,o,111,14
0812_w.png,w,119,22
0813_q.png,q,113,16
0814_u.png,u,117,20
0815_i.png,i,105,8
0816_r.png,r,114,17
0817_e.png,e,101,4
0818_a.png,a,97,0
0819_d.png,d,100,3
0820_h.png,h,104,7
0821_a.png,a,97,0
0822_s.png,s,115,18
0823_b.png,b,98,1
0824_e.png,e,101,4
0825_n.png,n,110,13
0826_b.png,b,98,1
0827_o.png,o,111,14
0828_o.png,o,111,14
0829_k.png,k,107,10
0830_a.png,a,97,0
0831_n.png,n,110,13
0832_d.png,d,100,3
0833_a.png,a,97,0
0834_n.png,n,110,13
0835_l.png,l,108,11
0836_d.png,d,100,3
0837_i.png,i,105,8
0838_a.png,a,97,0
0839_r.png,r,114,17
0840_t.png,t,116,19
0841_s.png,s,115,18
0842_b.png,b,98,1
0843_i.png,i,105,8
0844_p.png,p,112,15
0845_n.png,n,110,13
0846_a.png,a,97,0
0847_s.png,s,115,18
0848_b.png,b,98,1
0849_p.png,p,112,15
0850_t.png,t,116,19
0851_t.png,t,116,19
0852_t.png,t,116,19
0853_t.png,t,116,19
0854_t.png,t,116,19
0855_t.png,t,116,19
0856_f.png,f,102,5
0857_k.png,k,107,10
0858_f.png,f,102,5
0859_j.png,j,106,9
0860_h.png,h,104,7
0861_n.png,n,110,13
0862_u.png,u,117,20
0863_b.png,b,98,1
0864_i.png,i,105,8
0865_s.png,s,115,18
0866_s.png,s,115,18
0867_u.png,u,117,20
0868_g.png,g,103,6
0869_r.png,r,114,17
0870_e.png,e,101,4
0871_a.png,a,97,0
0872_l.png,l,108,11
0873_y.png,y,121,24
0874_a.png,a,97,0
0875_t.png,t,116,19
0876_y.png,y,121,24
0877_k.png,k,107,10
0878_m.png,m,109,12
0879_n.png,n,110,13
0880_d.png,d,100,3
0881_s.png,s,115,18
0882_b.png,b,98,1
0883_i.png,i,105,8
0884_l.png,l,108,11
0885_p.png,p,112,15
0886_y.png,y,121,24
0887_b.png,b,98,1
0888_o.png,o,111,14
0889_o.png,o,111,14
0890_k.png,k,107,10
0891_a.png,a,97,0
0892_s.png,s,115,18
0893_a.png,a,97,0
0894_s.png,s,115,18
0895_v.png,v,118,21
0896_u.png,u,117,20
0897_l.png,l,108,11
0898_m.png,m,109,12
0899_y.png,y,121,24
0900_t.png,t,116,19
0901_h.png,h,104,7
0902_t.png,t,116,19
0903_p.png,p,112,15
0904_y.png,y,121,24
0905_t.png,t,116,19
0906_h.png,h,104,7
0907_k.png,k,107,10
0908_s.png,s,115,18
0909_b.png,b,98,1
0910_y.png,y,121,24
0911_r.png,r,114,17
0912_s.png,s,115,18
0913_y.png,y,121,24
0914_y.png,y,121,24
0915_j.png,j,106,9
0916_l.png,l,108,11
0917_m.png,m,109,12
0918_g.png,g,103,6
0919_f.png,f,102,5
0920_j.png,j,106,9
0921_d.png,d,100,3
0922_k.png,k,107,10
0923_i.png,i,105,8
0924_m.png,m,109,12
0925_b.png,b,98,1
0926_m.png,m,109,12
0927_m.png,m,109,12
0928_m.png,m,109,12
0929_d.png,d,100,3
0930_l.png,l,108,11
0931_k.png,k,107,10
0932_w.png,w,119,22
0933_t.png,t,116,19
0934_t.png,t,116,19
0935_l.png,l,108,11
0936_a.png,a,97,0
0937_u.png,u,117,20
0938_a.png,a,97,0
0939_r.png,r,114,17
0940_d.png,d,100,3
0941_t.png,t,116,19
0942_m.png,m,109,12
0943_a.png,a,97,0
0944_i.png,i,105,8
0945_e.png,e,101,4
0946_t.png,t,116,19
0947_b.png,b,98,1
0948_y.png,y,121,24
0949_g.png,g,103,6
0950_e.png,e,101,4
0951_e.png,e,101,4
0952_e.png,e,101,4
0953_r.png,r,114,17
0954_y.png,y,121,24
0955_b.png,b,98,1
0956_e.png,e,101,4
0957_p.png,p,112,15
0958_u.png,u,117,20
0959_s.png,s,115,18
0960_e.png,e,101,4
0961_d.png,d,100,3
0962_w.png,w,119,22
0963_d.png,d,100,3
0964_w.png,w,119,22
0965_b.png,b,98,1
0966_h.png,h,104,7
0967_e.png,e,101,4
0968_t.png,t,116,19
0969_p.png,p,112,15
0970_y.png,y,121,24
0971_r.png,r,114,17
0972_g.png,g,103,6
0973_i.png,i,105,8
0974_h.png,h,104,7
0975_f.png,f,102,5
0976_g.png,g,103,6
0977_g.png,g,103,6
0978_g.png,g,103,6
0979_k.png,k,107,10
0980_b.png,b,98,1
0981_s.png,s,115,18
0982_u.png,u,117,20
0983_i.png,i,105,8
0984_i.png,i,105,8
0985_o.png,o,111,14
0986_e.png,e,101,4
0987_m.png,m,109,12
0988_t.png,t,116,19
0989_p.png,p,112,15
0990_t.png,t,116,19
0991_y.png,y,121,24
0992_i.png,i,105,8
0993_b.png,b,98,1
0994_e.png,e,101,4
0995_e.png,e,101,4
0996_p.png,p,112,15
0997_b.png,b,98,1
0998_n.png,n,110,13
0999_c.png,c,99,2
1000_s.png,s,115,18
1001_m.png,m,109,12
1002_s.png,s,115,18
1003_t.png,t,116,19
1004_w.png,w,119,22
1005_w.png,w,119,22
1006_y.png,y,121,24
1007_t.png,t,116,19
1008_n.png,n,110,13
1009_o.png,o,111,14
1010_g.png,g,103,6
1011_u.png,u,117,20
1012_e.png,e,101,4
1013_s.png,s,115,18
1014_i.png,i,105,8
1015_o.png,o,111,14
1016_n.png,n,110,13
1017_j.png,j,106,9
1018_c.png,c,99,2
1019_a.png,a,97,0
1020_n.png,n,110,13
1021_s.png,s,115,18
1022_e.png,e,101,4
1023_a.png,a,97,0
1024_k.png,k,107,10
1025_s.png,s,115,18
1026_a.png,a,97,0
1027_w.png,w,119,22
1028_a.png,a,97,0
1029_r.png,r,114,17
1030_e.png,e,101,4
1031_e.png,e,101,4
1032_p.png,p,112,15
1033_i.png,i,105,8
1034_o.png,o,111,14
1035_u.png,u,117,20
1036_d.png,d,100,3
1037_r.png,r,114,17
1038_s.png,s,115,18
1039_t.png,t,116,19
1040_f.png,f,102,5
1041_y.png,y,121,24
1042_b.png,b,98,1
1043_b.png,b,98,1
1044_a.png,a,97,0
1045_p.png,p,112,15
1046_r.png,r,114,17
1047_s.png,s,115,18
1048_l.png,l,108,11
1049_d.png,d,100,3
1050_d.png,d,100,3
1051_n.png,n,110,13
1052_y.png,y,121,24
1053_g.png,g,103,6
1054_b.png,b,98,1
1055_m.png,m,109,12
1056_d.png,d,100,3
1057_d.png,d,100,3
1058_g.png,g,103,6
1059_n.png,n,110,13
1060_t.png,t,116,19
1061_e.png,e,101,4
1062_w.png,w,119,22
1063_h.png,h,104,7
1064_t.png,t,116,19
1065_t.png,t,116,19
1066_t.png,t,116,19
1067_s.png,s,115,18
1068_g.png,g,103,6
1069_l.png,l,108,11
1070_y.png,y,121,24
1071_s.png,s,115,18
1072_u.png,u,117,20
1073_d.png,d,100,3
1074_r.png,r,114,17
1075_m.png,m,109,12
1076_n.png,n,110,13
1077_g.png,g,103,6
1078_s.png,s,115,18
1079_i.png,i,105,8
1080_m.png,m,109,12
1081_p.png,p,112,15
1082_l.png,l,108,11
1083_y.png,y,121,24
1084_a.png,a,97,0
1085_n.png,n,110,13
1086_u.png,u,117,20
1087_a.png,a,97,0
1088_i.png,i,105,8
1089_m.png,m,109,12
1090_a.png,a,97,0
1091_d.png,d,100,3
1092_k.png,k,107,10
1093_c.png,c,99,2
1094_a.png,a,97,0
1095_t.png,t,116,19
1096_y.png,y,121,24
1097_h.png,h,104,7
1098_s.png,s,115,18
1099_k.png,k,107,10
1100_l.png,l,108,11
1101_y.png,y,121,24
1102_a.png,a,97,0
1103_l.png,l,108,11
1104_l.png,l,108,11
1105_i.png,i,105,8
1106_p.png,p,112,15
1107_o.png,o,111,14
1108_u.png,u,117,20
1109_r.png,r,114,17
1110_h.png,h,104,7
1111_u.png,u,117,20
1112_l.png,l,108,11
1113_y.png,y,121,24
1114_w.png,w,119,22
1115_h.png,h,104,7
1116_e.png,e,101,4
1117_r.png,r,114,17
1118_e.png,e,101,4
1119_i.png,i,105,8
1120_a.png,a,97,0
1121_r.png,r,114,17
1122_u.png,u,117,20
1123_w.png,w,119,22
1124_d.png,d,100,3
1125_w.png,w,119,22
1126_b.png,b,98,1
1127_i.png,i,105,8
1128_l.png,l,108,11
1129_h.png,h,104,7
1130_p.png,p,112,15
1131_h.png,h,104,7
1132_a.png,a,97,0
1133_s.png,s,115,18
1134_b.png,b,98,1
1135_t.png,t,116,19
1136_t.png,t,116,19
1137_b.png,b,98,1
1138_o.png,o,111,14
1139_o.png,o,111,14
1140_d.png,d,100,3
1141_u.png,u,117,20
1142_s.png,s,115,18
1143_h.png,h,104,7
1144_e.png,e,101,4
1145_s.png,s,115,18
1146_a.png,a,97,0
1147_y.png,y,121,24
1148_w.png,w,119,22
1149_a.png,a,97,0
1150_y.png,y,121,24
1151_p.png,p,112,15
1152_m.png,m,109,12
1153_u.png,u,117,20
1154_m.png,m,109,12
1155_o.png,o,111,14
1156_n.png,n,110,13
1157_i.png,i,105,8
1158_y.png,y,121,24
1159_a.png,a,97,0
1160_g.png,g,103,6
1161_y.png,y,121,24
1162_d.png,d,100,3
1163_i.png,i,105,8
1164_n.png,n,110,13
1165_k.png,k,107,10
1166_i.png,i,105,8
1167_c.png,c,99,2
1168_l.png,l,108,11
1169_p.png,p,112,15
1170_o.png,o,111,14
1171_o.png,o,111,14
1172_d.png,d,100,3
1173_k.png,k,107,10
1174_i.png,i,105,8
1175_n.png,n,110,13
1176_g.png,g,103,6
1177_w.png,w,119,22
1178_e.png,e,101,4
1179_n.png,n,110,13
1180_l.png,l,108,11
1181_s.png,s,115,18
1182_o.png,o,111,14
1183_o.png,o,111,14
1184_k.png,k,107,10
1185_e.png,e,101,4
1186_d.png,d,100,3
1187_n.png,n,110,13
1188_t.png,t,116,19
1189_h.png,h,104,7
1190_e.png,e,101,4
1191_f.png,f,102,5
1192_e.png,e,101,4
1193_a.png,a,97,0
1194_s.png,s,115,18
1195_t.png,t,116,19
1196_o.png,o,111,14
1197_f.png,f,102,5
1198_s.png,s,115,18
1199_t.png,t,116,19
1200_e.png,e,101,4
1201_p.png,p,112,15
1202_h.png,h,104,7
1203_e.png,e,101,4
1204_n.png,n,110,13
1205_w.png,w,119,22
1206_h.png,h,104,7
1207_e.png,e,101,4
1208_n.png,n,110,13
1209_t.png,t,116,19
1210_h.png,h,104,7
1211_e.png,e,101,4
1212_s.png,s,115,18
1213_n.png,n,110,13
1214_o.png,o,111,14
1215_w.png,w,119,22
1216_l.png,l,108,11
1217_a.png,a,97,0
1218_y.png,y,121,24
1219_o.png,o,111,14
1220_u.png,u,117,20
1221_n.png,n,110,13
1222_d.png,d,100,3
1223_d.png,d,100,3
1224_e.png,e,101,4
1225_e.png,e,101,4
1226_p.png,p,112,15
1227_a.png,a,97,0
1228_n.png,n,110,13
1229_d.png,d,100,3
1230_c.png,c,99,2
1231_r.png,r,114,17
1232_s.png,s,115,18
1233_p.png,p,112,15
1234_a.png,a,97,0
1235_n.png,n,110,13
1236_d.png,d,100,3
1237_e.png,e,101,4
1238_v.png,v,118,21
1239_e.png,e,101,4
1240_n.png,n,110,13
1241_b.png,b,98,1
1242_r.png,r,114,17
1243_g.png,g,103,6
1244_h.png,h,104,7
1245_t.png,t,116,19
1246_l.png,l,108,11
1247_y.png,y,121,24
1248_s.png,s,115,18
1249_h.png,h,104,7
1250_o.png,o,111,14
1251_n.png,n,110,13
1252_e.png,e,101,4
1253_t.png,t,116,19
1254_h.png,h,104,7
1255_e.png,e,101,4
1256_m.png,m,109,12
1257_o.png,o,111,14
1258_o.png,o,111,14
1259_n.png,n,110,13
1260_t.png,t,116,19
1261_h.png,h,104,7
1262_o.png,o,111,14
1263_u.png,u,117,20
1264_g.png,g,103,6
1265_h.png,h,104,7
1266_t.png,t,116,19
1267_h.png,h,104,7
1268_e.png,e,101,4
1269_f.png,f,102,5
1270_o.png,o,111,14
1271_s.png,s,115,18
1272_t.png,t,116,19
1273_u.png,u,117,20
1274_a.png,a,97,0
1275_s.png,s,115,18
1276_c.png,c,99,2
1277_u.png,u,117,20
1278_e.png,e,101,4
1279_l.png,l,108,11
1280_w.png,w,119,22
1281_h.png,h,104,7
1282_e.png,e,101,4
1283_n.png,n,110,13
1284_a.png,a,97,0
1285_p.png,p,112,15
1286_o.png,o,111,14
1287_o.png,o,111,14
1288_m.png,m,109,12
1289_a.png,a,97,0
1290_n.png,n,110,13
1291_c.png,c,99,2
1292_a.png,a,97,0
1293_m.png,m,109,12
1294_e.png,e,101,4
1295_i.png,i,105,8
1296_n.png,n,110,13
1297_a.png,a,97,0
1298_t.png,t,116,19
1299_h.png,h,104,7
1300_e.png,e,101,4
1301_r.png,r,114,17
1302_i.png,i,105,8
1303_n.png,n,110,13
1304_g.png,g,103,6
1305_w.png,w,119,22
1306_i.png,i,105,8
1307_n.png,n,110,13
1308_t.png,t,116,19
1309_e.png,e,101,4
1310_r.png,r,114,17
1311_f.png,f,102,5
1312_u.png,u,117,20
1313_e.png,e,101,4
1314_l.png,l,108,11
1315_o.png,o,111,14
1316_u.png,u,117,20
1317_t.png,t,116,19
1318_a.png,a,97,0
1319_b.png,b,98,1
1320_o.png,o,111,14
1321_u.png,u,117,20
1322_t.png,t,116,19
1323_a.png,a,97,0
1324_t.png,t,116,19
1325_n.png,n,110,13
1326_i.png,i,105,8
1327_g.png,g,103,6
1328_h.png,h,104,7
1329_t.png,t,116,19
1330_s.png,s,115,18
1331_i.png,i,105,8
1332_g.png,g,103,6
1333_h.png,h,104,7
1334_t.png,t,116,19
1335_l.png,l,108,11
1336_d.png,d,100,3
1337_s.png,s,115,18
1338_b.png,b,98,1
1339_o.png,o,111,14
1340_y.png,y,121,24
1341_d.png,d,100,3
1342_b.png,b,98,1
1343_d.png,d,100,3
1344_r.png,r,114,17
1345_i.png,i,105,8
1346_u.png,u,117,20
1347_w.png,w,119,22
1348_r.png,r,114,17
1349_t.png,t,116,19
1350_m.png,m,109,12
1351_y.png,y,121,24
1352_o.png,o,111,14
1353_n.png,n,110,13
1354_y.png,y,121,24
1355_g.png,g,103,6
1356_s.png,s,115,18
1357_h.png,h,104,7
1358_a.png,a,97,0
1359_l.png,l,108,11
1360_l.png,l,108,11
1361_b.png,b,98,1
1362_e.png,e,101,4
1363_e.png,e,101,4
1364_r.png,r,114,17
1365_y.png,y,121,24
1366_g.png,g,103,6
1367_l.png,l,108,11
1368_a.png,a,97,0
1369_d.png,d,100,3
1370_w.png,w,119,22
1371_h.png,h,104,7
1372_e.png,e,101,4
1373_n.png,n,110,13
1374_e.png,e,101,4
1375_w.png,w,119,22
1376_r.png,r,114,17
1377_m.png,m,109,12
1378_w.png,w,119,22
1379_e.png,e,101,4
1380_a.png,a,97,0
1381_e.png,e,101,4
1382_r.png,r,114,17
1383_c.png,c,99,2
1384_o.png,o,111,14
1385_m.png,m,109,12
1386_e.png,e,101,4
1387_s.png,s,115,18
1388_i.png,i,105,8
1389_w.png,w,119,22
1390_o.png,o,111,14
1391_n.png,n,110,13
1392_d.png,d,100,3
1393_e.png,e,101,4
1394_r.png,r,114,17
1395_i.png,i,105,8
1396_y.png,y,121,24
1397_o.png,o,111,14
1398_n.png,n,110,13
1399_h.png,h,104,7
1400_a.png,a,97,0
1401_u.png,u,117,20
1402_e.png,e,101,4
1403_b.png,b,98,1
1404_e.png,e,101,4
1405_e.png,e,101,4
1406_n.png,n,110,13
1407_m.png,m,109,12
1408_a.png,a,97,0
1409_k.png,k,107,10
1410_i.png,i,105,8
1411_n.png,n,110,13
1412_g.png,g,103,6
1413_a.png,a,97,0
1414_s.png,s,115,18
1415_n.png,n,110,13
1416_o.png,o,111,14
1417_w.png,w,119,22
1418_m.png,m,109,12
1419_a.png,a,97,0
1420_n.png,n,110,13
1421_l.png,l,108,11
1422_u.png,u,117,20
1423_t.png,t,116,19
1424_e.png,e,101,4
1425_g.png,g,103,6
1426_a.png,a,97,0
1427_r.png,r,114,17
1428_d.png,d,100,3
1429_e.png,e,101,4
1430_n.png,n,110,13
1431_o.png,o,111,14
1432_r.png,r,114,17
1433_f.png,f,102,5
1434_e.png,e,101,4
1435_e.png,e,101,4
1436_d.png,d,100,3
1437_i.png,i,105,8
1438_n.png,n,110,13
1439_g.png,g,103,6
1440_e.png,e,101,4
1441_s.png,s,115,18
1442_a.png,a,97,0
1443_r.png,r,114,17
1444_r.png,r,114,17
1445_o.png,o,111,14
1446_w.png,w,119,22
1447_s.png,s,115,18
1448_w.png,w,119,22
1449_e.png,e,101,4
1450_h.png,h,104,7
1451_a.png,a,97,0
1452_v.png,v,118,21
1453_e.png,e,101,4
1454_a.png,a,97,0
1455_g.png,g,103,6
1456_r.png,r,114,17
1457_e.png,e,101,4
1458_a.png,a,97,0
1459_t.png,t,116,19
1460_m.png,m,109,12
1461_a.png,a,97,0
1462_n.png,n,110,13
1463_y.png,y,121,24
1464_e.png,e,101,4
1465_v.png,v,118,21
1466_e.png,e,101,4
1467_r.png,r,114,17
1468_y.png,y,121,24
1469_m.png,m,109,12
1470_o.png,o,111,14
1471_r.png,r,114,17
1472_n.png,n,110,13
1473_r.png,r,114,17
1474_u.png,u,117,20
1475_m.png,m,109,12
1476_y.png,y,121,24
1477_r.png,r,114,17
1478_a.png,a,97,0
1479_b.png,b,98,1
1480_b.png,b,98,1
1481_i.png,i,105,8
1482_t.png,t,116,19
1483_e.png,e,101,4
1484_e.png,e,101,4
1485_r.png,r,114,17
1486_i.png,i,105,8
1487_s.png,s,115,18
1488_s.png,s,115,18
1489_o.png,o,111,14
1490_a.png,a,97,0
1491_z.png,z,122,25
1492_y.png,y,121,24
1493_h.png,h,104,7
1494_e.png,e,101,4
1495_i.png,i,105,8
1496_e.png,e,101,4
1497_s.png,s,115,18
1498_c.png,c,99,2
1499_o.png,o,111,14
1500_r.png,r,114,17
1501_e.png,e,101,4
1502_r.png,r,114,17
1503_r.png,r,114,17
1504_r.png,r,114,17
1505_u.png,u,117,20
1506_a.png,a,97,0
1507_b.png,b,98,1
1508_o.png,o,111,14
1509_x.png,x,120,23
1510_w.png,w,119,22
1511_r.png,r,114,17
1512_h.png,h,104,7
1513_a.png,a,97,0
1514_i.png,i,105,8
1515_r.png,r,114,17
1516_u.png,u,117,20
1517_g.png,g,103,6
1518_s.png,s,115,18
1519_c.png,c,99,2
1520_a.png,a,97,0
1521_w.png,w,119,22
1522_s.png,s,115,18
1523_g.png,g,103,6
1524_r.png,r,114,17
1525_e.png,e,101,4
1526_w.png,w,119,22
1527_o.png,o,111,14
1528_o.png,o,111,14
1529_l.png,l,108,11
1530_o.png,o,111,14
1531_n.png,n,110,13
1532_g.png,g,103,6
1533_q.png,q,113,16
1534_u.png,u,117,20
1535_i.png,i,105,8
1536_t.png,t,116,19
1537_e.png,e,101,4
1538_u.png,u,117,20
1539_n.png,n,110,13
1540_c.png,c,99,2
1541_o.png,o,111,14
1542_m.png,m,109,12
1543_f.png,f,102,5
1544_o.png,o,111,14
1545_r.png,r,114,17
1546_a.png,a,97,0
1547_b.png,b,98,1
1548_e.png,e,101,4
1549_s.png,s,115,18
1550_o.png,o,111,14
1551_i.png,i,105,8
1552_r.png,r,114,17
1553_i.png,i,105,8
1554_l.png,l,108,11
1555_d.png,d,100,3
1556_o.png,o,111,14
1557_c.png,c,99,2
1558_u.png,u,117,20
1559_t.png,t,116,19
1560_t.png,t,116,19
1561_e.png,e,101,4
1562_m.png,m,109,12
1563_w.png,w,119,22
1564_r.png,r,114,17
1565_s.png,s,115,18
1566_b.png,b,98,1
1567_u.png,u,117,20
1568_t.png,t,116,19
1569_e.png,e,101,4
1570_y.png,y,121,24
1571_w.png,w,119,22
1572_e.png,e,101,4
1573_r.png,r,114,17
1574_e.png,e,101,4
1575_s.png,s,115,18
1576_o.png,o,111,14
1577_h.png,h,104,7
1578_a.png,a,97,0
1579_r.png,r,114,17
1580_d.png,d,100,3
1581_a.png,a,97,0
1582_t.png,t,116,19
1583_i.png,i,105,8
1584_h.png,h,104,7
1585_a.png,a,97,0
1586_d.png,d,100,3
1587_t.png,t,116,19
1588_u.png,u,117,20
1589_s.png,s,115,18
1590_e.png,e,101,4
1591_e.png,e,101,4
1592_b.png,b,98,1
1593_r.png,r,114,17
1594_g.png,g,103,6
1595_g.png,g,103,6
1596_a.png,a,97,0
1597_r.png,r,114,17
1598_d.png,d,100,3
1599_e.png,e,101,4
1600_n.png,n,110,13
1601_s.png,s,115,18
1602_s.png,s,115,18
1603_c.png,c,99,2
1604_i.png,i,105,8
1605_s.png,s,115,18
1606_s.png,s,115,18
1607_o.png,o,111,14
1608_r.png,r,114,17
1609_s.png,s,115,18
1610_h.png,h,104,7
1611_e.png,e,101,4
1612_s.png,s,115,18
1613_a.png,a,97,0
1614_t.png,t,116,19
1615_q.png,q,113,16
1616_u.png,u,117,20
1617_i.png,i,105,8
1618_e.png,e,101,4
1619_s.png,s,115,18
1620_i.png,i,105,8
1621_a.png,a,97,0
1622_n.png,n,110,13
1623_d.png,d,100,3
1624_a.png,a,97,0
1625_w.png,w,119,22
1626_i.png,i,105,8
1627_d.png,d,100,3
1628_m.png,m,109,12
1629_e.png,e,101,4
1630_d.png,d,100,3
1631_v.png,v,118,21
1632_h.png,h,104,7
1633_i.png,i,105,8
1634_s.png,s,115,18
1635_i.png,i,105,8
1636_e.png,e,101,4
1637_f.png,f,102,5
1638_r.png,r,114,17
1639_o.png,o,111,14
1640_n.png,n,110,13
1641_t.png,t,116,19
1642_p.png,p,112,15
1643_a.png,a,97,0
1644_w.png,w,119,22
1645_s.png,s,115,18
1646_u.png,u,117,20
1647_t.png,t,116,19
1648_w.png,w,119,22
1649_h.png,h,104,7
1650_e.png,e,101,4
1651_n.png,n,110,13
1652_i.png,i,105,8
1653_c.png,c,99,2
1654_n.png,n,110,13
1655_t.png,t,116,19
1656_h.png,h,104,7
1657_e.png,e,101,4
1658_o.png,o,111,14
1659_h.png,h,104,7
1660_e.png,e,101,4
1661_r.png,r,114,17
1662_h.png,h,104,7
1663_r.png,r,114,17
1664_n.png,n,110,13
1665_d.png,d,100,3
1666_f.png,f,102,5
1667_o.png,o,111,14
1668_o.png,o,111,14
1669_t.png,t,116,19
1670_c.png,c,99,2
1671_a.png,a,97,0
1672_u.png,u,117,20
1673_s.png,s,115,18
1674_e.png,e,101,4
1675_w.png,w,119,22
1676_a.png,a,97,0
1677_s.png,s,115,18
1678_i.png,i,105,8
1679_c.png,c,99,2
1680_k.png,k,107,10
1681_e.png,e,101,4
1682_d.png,d,100,3
1683_k.png,k,107,10
1684_i.png,i,105,8
1685_c.png,c,99,2
1686_k.png,k,107,10
1687_e.png,e,101,4
1688_d.png,d,100,3
1689_v.png,v,118,21
1690_e.png,e,101,4
1691_r.png,r,114,17
1692_y.png,y,121,24
1693_n.png,n,110,13
1694_a.png,a,97,0
1695_u.png,u,117,20
1696_h.png,h,104,7
1697_e.png,e,101,4
1698_w.png,w,119,22
1699_e.png,e,101,4
1700_r.png,r,114,17
1701_e.png,e,101,4
1702_a.png,a,97,0
1703_w.png,w,119,22
1704_r.png,r,114,17
1705_d.png,d,100,3
1706_r.png,r,114,17
1707_a.png,a,97,0
1708_r.png,r,114,17
1709_t.png,t,116,19
1710_d.png,d,100,3
1711_e.png,e,101,4
1712_r.png,r,114,17
1713_u.png,u,117,20
1714_o.png,o,111,14
1715_e.png,e,101,4
1716_y.png,y,121,24
1717_w.png,w,119,22
1718_o.png,o,111,14
1719_u.png,u,117,20
1720_l.png,l,108,11
1721_e.png,e,101,4
1722_w.png,w,119,22
1723_o.png,o,111,14
1724_r.png,r,114,17
1725_u.png,u,117,20
1726_d.png,d,100,3
1727_w.png,w,119,22
1728_n.png,n,110,13
1729_w.png,w,119,22
1730_o.png,o,111,14
1731_u.png,u,117,20
1732_n.png,n,110,13
1733_o.png,o,111,14
1734_t.png,t,116,19
1735_n.png,n,110,13
1736_e.png,e,101,4
1737_l.png,l,108,11
1738_c.png,c,99,2
1739_u.png,u,117,20
1740_r.png,r,114,17
1741_u.png,u,117,20
1742_h.png,h,104,7
1743_e.png,e,101,4
1744_r.png,r,114,17
1745_e.png,e,101,4
1746_a.png,a,97,0
1747_r.png,r,114,17
1748_e.png,e,101,4
1749_s.png,s,115,18
1750_o.png,o,111,14
1751_m.png,m,109,12
1752_e.png,e,101,4
1753_r.png,r,114,17
1754_a.png,a,97,0
1755_b.png,b,98,1
1756_r.png,r,114,17
1757_o.png,o,111,14
1758_w.png,w,119,22
1759_r.png,r,114,17
1760_u.png,u,117,20
1761_s.png,s,115,18
1762_n.png,n,110,13
1763_o.png,o,111,14
1764_w.png,w,119,22
1765_a.png,a,97,0
1766_s.png,s,115,18
1767_l.png,l,108,11
1768_w.png,w,119,22
1769_o.png,o,111,14
1770_n.png,n,110,13
1771_d.png,d,100,3
1772_e.png,e,101,4
1773_r.png,r,114,17
1774_i.png,i,105,8
1775_y.png,y,121,24
1776_u.png,u,117,20
1777_r.png,r,114,17
1778_u.png,u,117,20
1779_s.png,s,115,18
1780_s.png,s,115,18
1781_y.png,y,121,24
1782_c.png,c,99,2
1783_a.png,a,97,0
1784_t.png,t,116,19
1785_h.png,h,104,7
1786_a.png,a,97,0
1787_s.png,s,115,18
1788_e.png,e,101,4
1789_a.png,a,97,0
1790_r.png,r,114,17
1791_n.png,n,110,13
1792_e.png,e,101,4
1793_d.png,d,100,3
1794_i.png,i,105,8
1795_c.png,c,99,2
1796_a.png,a,97,0
1797_c.png,c,99,2
1798_h.png,h,104,7
1799_m.png,m,109,12
1800_i.png,i,105,8
1801_c.png,c,99,2
1802_e.png,e,101,4
1803_y.png,y,121,24
1804_e.png,e,101,4
1805_t.png,t,116,19
1806_i.png,i,105,8
1807_r.png,r,114,17
1808_n.png,n,110,13
1809_k.png,k,107,10
1810_i.png,i,105,8
1811_t.png,t,116,19
1812_w.png,w,119,22
1813_o.png,o,111,14
1814_u.png,u,117,20
1815_a.png,a,97,0
1816_i.png,i,105,8
1817_r.png,r,114,17
1818_a.png,a,97,0
1819_p.png,p,112,15
1820_m.png,m,109,12
1821_i.png,i,105,8
1822_i.png,i,105,8
1823_i.png,i,105,8
1824_s.png,s,115,18
1825_v.png,v,118,21
1826_r.png,r,114,17
1827_n.png,n,110,13
1828_e.png,e,101,4
1829_w.png,w,119,22
1830_o.png,o,111,14
1831_r.png,r,114,17
1832_k.png,k,107,10
1833_i.png,i,105,8
1834_k.png,k,107,10
1835_e.png,e,101,4
1836_a.png,a,97,0
1837_o.png,o,111,14
1838_m.png,m,109,12
1839_m.png,m,109,12
1840_o.png,o,111,14
1841_n.png,n,110,13
1842_a.png,a,97,0
1843_h.png,h,104,7
1844_y.png,y,121,24
1845_e.png,e,101,4
1846_m.png,m,109,12
1847_i.png,i,105,8
1848_c.png,c,99,2
1849_e.png,e,101,4
1850_a.png,a,97,0
1851_r.png,r,114,17
1852_e.png,e,101,4
1853_c.png,c,99,2
1854_i.png,i,105,8
1855_u.png,u,117,20
1856_a.png,a,97,0
1857_w.png,w,119,22
1858_u.png,u,117,20
1859_y.png,y,121,24
1860_d.png,d,100,3
1861_v.png,v,118,21
1862_w.png,w,119,22
1863_h.png,h,104,7
1864_a.png,a,97,0
1865_s.png,s,115,18
1866_e.png,e,101,4
1867_i.png,i,105,8
1868_w.png,w,119,22
1869_r.png,r,114,17
1870_n.png,n,110,13
1871_e.png,e,101,4
1872_r.png,r,114,17
1873_o.png,o,111,14
1874_s.png,s,115,18
1875_e.png,e,101,4
1876_d.png,d,100,3
1877_o.png,o,111,14
1878_s.png,s,115,18
1879_h.png,h,104,7
1880_a.png,a,97,0
1881_v.png,v,118,21
1882_e.png,e,101,4
1883_a.png,a,97,0
1884_n.png,n,110,13
1885_y.png,y,121,24
1886_h.png,h,104,7
1887_a.png,a,97,0
1888_i.png,i,105,8
1889_r.png,r,114,17
1890_s.png,s,115,18
1891_e.png,e,101,4
1892_w.png,w,119,22
1893_h.png,h,104,7
1894_e.png,e,101,4
1895_h.png,h,104,7
1896_e.png,e,101,4
1897_s.png,s,115,18
1898_e.png,e,101,4
1899_y.png,y,121,24
1900_j.png,j,106,9
1901_a.png,a,97,0
1902_v.png,v,118,21
1903_i.png,i,105,8
1904_e.png,e,101,4
1905_a.png,a,97,0
1906_e.png,e,101,4
1907_h.png,h,104,7
1908_a.png,a,97,0
1909_v.png,v,118,21
1910_s.png,s,115,18
1911_e.png,e,101,4
1912_n.png,n,110,13
1913_i.png,i,105,8
1914_c.png,c,99,2
1915_e.png,e,101,4
1916_s.png,s,115,18
1917_a.png,a,97,0
1918_u.png,u,117,20
1919_s.png,s,115,18
1920_a.png,a,97,0
1921_e.png,e,101,4
1922_s.png,s,115,18
1923_i.png,i,105,8
1924_r.png,r,114,17
1925_e.png,e,101,4
1926_m.png,m,109,12
1927_a.png,a,97,0
1928_r.png,r,114,17
1929_n.png,n,110,13
1930_w.png,w,119,22
1931_r.png,r,114,17
1932_b.png,b,98,1
1933_e.png,e,101,4
1934_a.png,a,97,0
1935_i.png,i,105,8
1936_x.png,x,120,23
1937_o.png,o,111,14
1938_l.png,l,108,11
1939_r.png,r,114,17
